totalInvestment,totalNetWorth,NumberOfTrades,totalBuy,totalSell,currentStocksInHandValue,profitPercent,name
364555.2912378311,363212.95639038086,739,3700,3690,1114.499969482422,-0.0006249665920201882,ONGC
1802584.893913269,1811504.785003662,742,3710,3710,0.0,0.004948388905572535,RELIANCE
1156569.2943763733,1146210.7941818237,735,3680,3670,13525.50048828125,0.0027382711171139544,INFY
