totalInvestment,totalNetWorth,NumberOfTrades,totalBuy,totalSell,currentStocksInHandValue,profitPercent,name
71061.50353431702,71160.56621074677,147,740,730,1114.499969482422,0.017077638180370287,ONGC
354109.55139160156,366135.196018219,152,760,760,0.0,0.033960237952798254,RELIANCE
220321.64108276367,227366.93099975586,148,740,740,0.0,0.03197729411585868,INFY
